,index,cap-shape,cap-surface,cap-color,bruises,odor,gill-attachment,gill-spacing,gill-size,gill-color,stalk-shape,stalk-root,stalk-surface-above-ring,stalk-surface-below-ring,stalk-color-above-ring,stalk-color-below-ring,veil-type,veil-color,ring-number,ring-type,spore-print-color,population,habitat
0,5023,f,y,u,f,n,f,c,n,p,e,?,s,f,w,w,p,w,o,f,h,v,d
1,741,b,s,w,t,a,f,c,b,n,e,c,s,s,w,w,p,w,o,p,k,s,m
2,6797,f,s,n,f,f,f,c,n,b,t,?,s,s,w,w,p,w,o,e,w,v,l
3,2088,x,f,e,t,n,f,c,b,n,t,b,s,s,p,g,p,w,o,p,n,y,d
4,4771,x,y,g,f,f,f,c,b,g,e,b,k,k,p,n,p,w,o,l,h,y,d
5,5607,f,y,y,f,f,f,c,b,g,e,b,k,k,n,n,p,w,o,l,h,v,g
6,5589,x,y,n,f,y,f,c,n,b,t,?,k,k,w,w,p,w,o,e,w,v,l
7,1325,f,s,n,f,n,f,w,b,n,t,e,s,f,w,w,p,w,o,e,k,a,g
8,3384,f,f,e,t,n,f,c,b,u,t,b,s,s,g,w,p,w,o,p,n,v,d
9,1016,f,y,n,t,l,f,c,b,n,e,r,s,y,w,w,p,w,o,p,n,s,g
10,4528,x,f,y,f,f,f,c,b,h,e,b,k,k,p,b,p,w,o,l,h,v,g
11,4553,x,y,y,f,f,f,c,b,h,e,b,k,k,n,p,p,w,o,l,h,v,d
12,4984,f,y,u,f,n,f,c,n,w,e,?,s,f,w,w,p,w,o,f,h,y,d
13,3072,f,y,g,t,n,f,c,b,n,t,b,s,s,p,p,p,w,o,p,k,y,d
14,2183,x,y,e,t,n,f,c,b,w,t,b,s,s,g,p,p,w,o,p,k,v,d
15,2851,x,f,e,t,n,f,c,b,w,t,b,s,s,g,p,p,w,o,p,n,y,d
16,2630,f,s,n,f,n,f,w,b,p,t,e,s,f,w,w,p,w,o,e,k,a,g
17,1833,x,f,g,t,n,f,c,b,u,t,b,s,s,p,w,p,w,o,p,k,v,d
18,1013,f,s,n,f,n,f,w,b,n,t,e,s,f,w,w,p,w,o,e,k,s,g
19,2001,x,y,e,t,n,f,c,b,u,t,b,s,s,g,w,p,w,o,p,n,v,d
20,1461,x,s,w,f,n,f,w,b,n,t,e,f,f,w,w,p,w,o,e,k,s,g
21,5403,f,s,w,t,f,f,c,b,h,t,b,s,s,w,w,p,w,o,p,h,s,g
22,6348,x,s,e,f,f,f,c,n,b,t,?,s,k,p,w,p,w,o,e,w,v,d
23,1028,x,y,y,t,l,f,c,b,k,e,c,s,s,w,w,p,w,o,p,k,n,m
24,5450,x,s,g,t,f,f,c,b,w,t,b,s,s,w,w,p,w,o,p,h,v,u
25,6488,f,s,n,f,s,f,c,n,b,t,?,s,k,w,w,p,w,o,e,w,v,p
26,8004,f,s,n,f,f,f,c,n,b,t,?,s,k,w,p,p,w,o,e,w,v,p
27,2197,x,f,g,t,n,f,c,b,u,t,b,s,s,w,p,p,w,o,p,k,y,d
28,2620,f,f,n,t,n,f,c,b,u,t,b,s,s,g,g,p,w,o,p,n,v,d
29,8109,b,s,w,f,n,f,w,b,w,e,?,s,s,w,w,p,w,t,p,w,n,g
30,6191,x,s,n,f,f,f,c,n,b,t,?,s,k,p,w,p,w,o,e,w,v,l
31,5829,f,y,y,f,f,f,c,b,p,e,b,k,k,n,b,p,w,o,l,h,y,d
32,113,x,s,y,t,a,f,c,b,n,e,c,s,s,w,w,p,w,o,p,k,n,m
33,2305,x,y,g,t,n,f,c,b,n,t,b,s,s,p,p,p,w,o,p,n,y,d
34,676,f,f,g,f,n,f,c,n,k,e,e,s,s,w,w,p,w,o,p,n,v,u
35,1973,x,f,n,t,n,f,c,b,p,t,b,s,s,w,w,p,w,o,p,k,y,d
36,5517,x,y,n,f,y,f,c,n,b,t,?,s,k,p,p,p,w,o,e,w,v,d
37,3719,f,y,g,t,n,f,c,b,u,t,b,s,s,g,w,p,w,o,p,n,v,d
38,3498,x,f,g,t,n,f,c,b,p,t,b,s,s,g,g,p,w,o,p,n,v,d
39,3048,f,y,n,t,n,f,c,b,p,t,b,s,s,p,w,p,w,o,p,k,y,d
40,5546,k,y,c,f,n,f,w,n,w,e,b,s,s,w,n,p,w,o,e,w,v,l
41,5880,x,s,b,t,f,f,c,b,h,t,b,s,f,w,w,p,w,o,p,h,v,g
42,6720,f,s,e,f,s,f,c,n,b,t,?,s,k,w,w,p,w,o,e,w,v,d
43,3030,f,y,g,t,n,f,c,b,w,t,b,s,s,g,w,p,w,o,p,k,v,d
44,6235,x,s,n,f,f,f,c,n,b,t,?,k,s,p,p,p,w,o,e,w,v,p
45,7222,k,s,g,f,n,f,w,b,g,e,?,k,s,w,w,p,w,t,p,w,n,g
46,6442,x,s,n,f,y,f,c,n,b,t,?,s,s,w,w,p,w,o,e,w,v,l
47,3178,f,y,g,t,n,f,c,b,n,t,b,s,s,g,g,p,w,o,p,k,v,d
48,4026,x,s,g,f,c,f,w,n,u,e,b,s,s,w,w,p,w,o,p,n,v,d
49,7952,f,s,c,t,n,f,c,b,w,e,b,s,s,w,w,p,w,t,p,w,v,p
50,4726,x,y,g,f,f,f,c,b,g,e,b,k,k,b,b,p,w,o,l,h,v,p
51,515,x,f,w,f,n,f,w,b,h,t,e,f,s,w,w,p,w,o,e,n,a,g
52,4605,x,y,y,f,f,f,c,b,g,e,b,k,k,p,p,p,w,o,l,h,y,d
53,2024,x,f,g,t,n,f,c,b,u,t,b,s,s,w,w,p,w,o,p,n,y,d
54,4285,x,f,y,f,f,f,c,b,g,e,b,k,k,b,b,p,w,o,l,h,y,d
55,519,x,y,y,t,a,f,c,b,k,e,c,s,s,w,w,p,w,o,p,n,n,g
56,3744,f,y,e,t,n,f,c,b,u,t,b,s,s,w,w,p,w,o,p,n,y,d
57,7124,f,y,n,f,s,f,c,n,b,t,?,s,s,w,p,p,w,o,e,w,v,p
58,678,x,y,y,t,l,f,c,b,w,e,r,s,y,w,w,p,w,o,p,n,y,p
59,1258,f,s,w,f,n,f,w,b,h,t,e,f,s,w,w,p,w,o,e,n,a,g
60,5685,f,y,y,f,f,f,c,b,p,e,b,k,k,p,b,p,w,o,l,h,v,d
61,6916,k,s,e,f,s,f,c,n,b,t,?,s,k,p,p,p,w,o,e,w,v,p
62,3762,f,y,e,t,n,f,c,b,n,t,b,s,s,g,w,p,w,o,p,n,y,d
63,5414,f,y,y,f,f,f,c,b,g,e,b,k,k,n,b,p,w,o,l,h,v,g
64,4868,f,f,y,f,f,f,c,b,p,e,b,k,k,n,p,p,w,o,l,h,v,g
65,7256,k,y,e,f,f,f,c,n,b,t,?,s,s,w,p,p,w,o,e,w,v,d
66,3717,x,f,n,t,n,f,c,b,w,t,b,s,s,g,p,p,w,o,p,k,v,d
67,6736,f,y,e,f,y,f,c,n,b,t,?,k,k,p,p,p,w,o,e,w,v,d
68,6460,f,y,e,f,s,f,c,n,b,t,?,k,k,p,p,p,w,o,e,w,v,l
69,6220,f,s,e,f,s,f,c,n,b,t,?,s,s,p,p,p,w,o,e,w,v,d
70,7394,k,s,n,f,f,f,c,n,b,t,?,s,k,w,w,p,w,o,e,w,v,d
71,5665,f,y,y,f,f,f,c,b,p,e,b,k,k,b,b,p,w,o,l,h,y,g
72,6882,f,y,n,f,y,f,c,n,b,t,?,s,s,w,w,p,w,o,e,w,v,d
73,6039,f,s,n,f,y,f,c,n,b,t,?,k,k,p,p,p,w,o,e,w,v,d
74,628,b,y,w,t,a,f,c,b,g,e,c,s,s,w,w,p,w,o,p,n,s,g
75,6432,x,y,e,f,y,f,c,n,b,t,?,s,s,p,p,p,w,o,e,w,v,p
76,4848,f,s,b,t,f,f,c,b,h,t,b,f,s,w,w,p,w,o,p,h,v,u
77,6776,x,s,e,f,y,f,c,n,b,t,?,k,s,p,w,p,w,o,e,w,v,l
78,5300,f,s,g,t,f,f,c,b,w,t,b,f,s,w,w,p,w,o,p,h,v,g
79,5130,f,s,w,t,f,f,c,b,h,t,b,f,f,w,w,p,w,o,p,h,s,u
80,8118,k,y,n,f,f,f,c,n,b,t,?,k,s,p,w,p,w,o,e,w,v,d
81,7199,f,s,e,f,f,f,c,n,b,t,?,k,s,p,p,p,w,o,e,w,v,d
82,2962,x,y,e,t,n,f,c,b,w,t,b,s,s,w,w,p,w,o,p,n,y,d
83,7831,f,s,n,f,n,a,c,b,y,e,?,s,s,o,o,p,o,o,p,y,c,l
84,17,x,s,n,t,p,f,c,n,n,e,e,s,s,w,w,p,w,o,p,k,s,g
85,1591,x,f,g,f,n,f,w,b,n,t,e,f,s,w,w,p,w,o,e,n,s,g
86,2830,x,y,e,t,n,f,c,b,w,t,b,s,s,w,p,p,w,o,p,k,v,d
87,313,x,f,w,t,a,f,w,n,p,t,b,s,s,w,w,p,w,o,p,n,v,d
88,7714,x,y,c,f,m,f,c,b,w,e,c,k,y,c,c,p,w,n,n,w,c,d
89,4598,x,f,y,f,f,f,c,b,p,e,b,k,k,b,b,p,w,o,l,h,v,g
90,3247,x,y,n,t,n,f,c,b,u,t,b,s,s,w,g,p,w,o,p,n,v,d
91,3287,f,y,e,t,n,f,c,b,p,t,b,s,s,g,g,p,w,o,p,n,y,d
92,7999,k,s,n,f,n,a,c,b,n,e,?,s,s,o,o,p,n,o,p,n,v,l
93,5709,x,y,e,f,y,f,c,n,b,t,?,s,k,p,w,p,w,o,e,w,v,p
94,3787,f,f,y,f,f,f,c,b,h,e,b,k,k,p,b,p,w,o,l,h,v,p
95,2404,f,y,g,t,n,f,c,b,p,t,b,s,s,p,p,p,w,o,p,k,v,d
96,6970,x,s,n,f,n,f,c,b,w,e,b,y,y,n,n,p,w,t,p,w,y,d
97,3528,f,y,e,t,n,f,c,b,p,t,b,s,s,p,w,p,w,o,p,k,y,d
98,6951,f,y,e,f,f,f,c,n,b,t,?,s,s,w,w,p,w,o,e,w,v,p
99,7590,b,s,w,f,n,f,w,b,w,e,?,s,k,w,w,p,w,t,p,w,s,g
100,6429,x,s,e,f,y,f,c,n,b,t,?,k,s,p,p,p,w,o,e,w,v,d
101,4673,f,s,p,t,n,f,c,b,w,e,?,s,s,w,e,p,w,t,e,w,c,w
102,337,b,s,y,t,l,f,c,b,n,e,c,s,s,w,w,p,w,o,p,n,s,g
103,6519,f,y,e,f,f,f,c,n,b,t,?,s,k,w,p,p,w,o,e,w,v,l
104,5999,f,y,y,f,f,f,c,b,g,e,b,k,k,n,p,p,w,o,l,h,y,g
105,4633,f,y,g,f,f,f,c,b,g,e,b,k,k,n,b,p,w,o,l,h,v,g
106,4662,f,y,e,t,n,f,c,b,w,e,?,s,s,w,w,p,w,t,e,w,c,w
107,5668,x,y,n,f,y,f,c,n,b,t,?,k,k,w,w,p,w,o,e,w,v,p
108,6380,f,y,e,f,s,f,c,n,b,t,?,k,s,w,p,p,w,o,e,w,v,p
109,1748,f,y,n,t,p,f,c,n,w,e,e,s,s,w,w,p,w,o,p,n,s,u
110,7517,k,y,n,f,s,f,c,n,b,t,?,k,k,w,p,p,w,o,e,w,v,l
111,4850,x,y,y,f,f,f,c,b,h,e,b,k,k,b,n,p,w,o,l,h,v,d
112,3460,f,f,g,t,n,f,c,b,u,t,b,s,s,g,w,p,w,o,p,k,y,d
113,5407,x,s,b,t,f,f,c,b,w,t,b,s,f,w,w,p,w,o,p,h,s,g
114,2590,x,y,e,t,n,f,c,b,p,t,b,s,s,g,p,p,w,o,p,k,y,d
115,6304,k,s,n,f,s,f,c,n,b,t,?,k,k,p,p,p,w,o,e,w,v,d
116,1720,f,s,n,f,n,f,w,b,n,t,e,f,f,w,w,p,w,o,e,k,s,g
117,6787,x,y,e,f,s,f,c,n,b,t,?,s,s,w,w,p,w,o,e,w,v,l
118,4596,x,y,y,f,f,f,c,b,p,e,b,k,k,b,n,p,w,o,l,h,y,p
119,2733,x,y,g,t,n,f,c,b,n,t,b,s,s,w,p,p,w,o,p,k,y,d
120,4554,x,f,y,f,f,f,c,b,g,e,b,k,k,p,n,p,w,o,l,h,v,p
121,3425,x,f,y,f,f,f,c,b,p,e,b,k,k,n,b,p,w,o,l,h,v,p
122,2698,x,y,e,t,n,f,c,b,w,t,b,s,s,w,w,p,w,o,p,n,v,d
123,6943,k,s,n,f,y,f,c,n,b,t,?,s,k,w,p,p,w,o,e,w,v,l
124,4445,f,f,g,f,f,f,c,b,g,e,b,k,k,b,n,p,w,o,l,h,y,d
125,3249,f,y,n,t,n,f,c,b,u,t,b,s,s,p,g,p,w,o,p,n,y,d
126,7889,k,s,e,f,s,f,c,n,b,t,?,k,k,p,w,p,w,o,e,w,v,l
127,1831,x,f,g,t,n,f,c,b,u,t,b,s,s,g,w,p,w,o,p,k,v,d
128,3752,f,f,e,t,n,f,c,b,u,t,b,s,s,w,p,p,w,o,p,k,v,d
129,1493,x,s,g,f,n,f,w,b,p,t,e,f,s,w,w,p,w,o,e,k,s,g
130,8082,k,s,e,f,s,f,c,n,b,t,?,k,k,p,p,p,w,o,e,w,v,p
131,2464,f,f,n,t,n,f,c,b,u,t,b,s,s,p,w,p,w,o,p,n,y,d
132,7995,k,s,e,f,y,f,c,n,b,t,?,s,k,w,w,p,w,o,e,w,v,p
133,5845,f,y,y,f,f,f,c,b,h,e,b,k,k,p,n,p,w,o,l,h,y,d
134,4290,f,y,g,f,f,f,c,b,h,e,b,k,k,n,b,p,w,o,l,h,v,g
135,808,b,s,y,t,l,f,c,b,n,e,c,s,s,w,w,p,w,o,p,n,s,m
136,3318,f,f,e,t,n,f,c,b,p,t,b,s,s,p,g,p,w,o,p,k,y,d
137,3074,f,y,n,t,n,f,c,b,p,t,b,s,s,w,g,p,w,o,p,n,y,d
138,3201,f,f,g,f,f,f,c,b,h,e,b,k,k,n,b,p,w,o,l,h,y,p
139,753,b,y,y,t,l,f,c,b,w,e,c,s,s,w,w,p,w,o,p,k,s,g
140,3740,x,y,n,t,n,f,c,b,u,t,b,s,s,w,g,p,w,o,p,n,y,d
141,4556,f,f,g,t,n,f,c,b,u,t,b,s,s,g,g,p,w,o,p,n,v,d
142,3194,f,y,e,t,n,f,c,b,u,t,b,s,s,g,p,p,w,o,p,k,y,d
143,3591,x,y,n,t,n,f,c,b,n,t,b,s,s,p,p,p,w,o,p,n,y,d
144,1670,x,y,y,t,l,f,c,b,g,e,c,s,s,w,w,p,w,o,p,n,s,g
145,1788,x,s,g,f,n,f,w,b,k,t,e,s,f,w,w,p,w,o,e,n,s,g
146,2416,f,f,n,t,n,f,c,b,w,t,b,s,s,g,p,p,w,o,p,n,v,d
147,6971,f,s,n,f,f,f,c,n,b,t,?,k,k,w,p,p,w,o,e,w,v,d
148,4306,f,y,g,f,f,f,c,b,h,e,b,k,k,p,b,p,w,o,l,h,y,d
149,610,f,s,n,f,n,f,w,b,h,t,e,f,s,w,w,p,w,o,e,n,a,g
150,1207,f,y,w,t,p,f,c,n,p,e,e,s,s,w,w,p,w,o,p,k,s,u
151,3584,f,y,n,t,n,f,c,b,w,t,b,s,s,g,w,p,w,o,p,n,v,d
152,4637,f,f,y,f,f,f,c,b,p,e,b,k,k,n,p,p,w,o,l,h,y,p
153,1481,x,s,n,f,n,f,w,b,n,t,e,f,s,w,w,p,w,o,e,k,s,g
154,7574,k,y,n,f,s,f,c,n,b,t,?,k,k,p,w,p,w,o,e,w,v,l
155,2850,x,y,n,t,n,f,c,b,w,t,b,s,s,g,p,p,w,o,p,k,y,d
156,6567,f,s,n,f,f,f,c,n,b,t,?,s,s,p,w,p,w,o,e,w,v,l
157,7007,x,s,e,f,s,f,c,n,b,t,?,s,s,p,w,p,w,o,e,w,v,p
158,590,x,s,w,t,p,f,c,n,k,e,e,s,s,w,w,p,w,o,p,k,s,u
159,4480,f,y,n,t,n,f,c,b,p,t,b,s,s,w,p,p,w,o,p,k,y,d
160,40,b,y,y,t,a,f,c,b,n,e,c,s,s,w,w,p,w,o,p,n,s,g
161,4275,x,f,y,f,f,f,c,b,h,e,b,k,k,b,n,p,w,o,l,h,y,p
162,1871,f,f,e,t,n,f,c,b,n,t,b,s,s,p,g,p,w,o,p,n,y,d
163,7311,x,f,w,f,n,f,w,b,g,e,?,s,s,w,w,p,w,t,p,w,s,g
164,1197,b,y,w,t,a,f,c,b,n,e,c,s,s,w,w,p,w,o,p,n,n,m
165,4709,f,s,b,t,f,f,c,b,p,t,b,f,f,w,w,p,w,o,p,h,v,u
166,5737,x,y,b,t,n,f,c,b,w,e,?,s,s,e,e,p,w,t,e,w,c,w
167,4702,x,f,w,f,c,f,c,n,g,e,b,s,s,w,w,p,w,o,p,k,s,d
168,5353,f,s,g,t,f,f,c,b,h,t,b,f,s,w,w,p,w,o,p,h,s,u
169,1044,x,s,g,f,n,f,w,b,h,t,e,f,f,w,w,p,w,o,e,n,a,g
170,4362,f,y,g,f,f,f,c,b,g,e,b,k,k,n,n,p,w,o,l,h,v,d
171,935,f,s,w,f,n,f,w,b,p,t,e,s,f,w,w,p,w,o,e,k,s,g
172,3351,x,s,g,f,c,f,w,n,g,e,b,s,s,w,w,p,w,o,p,n,s,d
173,3713,f,y,y,f,f,f,c,b,h,e,b,k,k,b,n,p,w,o,l,h,y,d
174,1147,x,f,g,f,n,f,w,b,n,t,e,s,s,w,w,p,w,o,e,n,a,g
175,4293,f,f,y,f,f,f,c,b,p,e,b,k,k,p,n,p,w,o,l,h,v,p
176,1851,x,s,w,f,n,f,w,b,h,t,e,f,s,w,w,p,w,o,e,n,a,g
177,2142,x,y,n,t,n,f,c,b,p,t,b,s,s,p,w,p,w,o,p,n,y,d
178,6625,x,y,e,f,s,f,c,n,b,t,?,s,k,w,w,p,w,o,e,w,v,p
179,2014,x,f,w,f,n,f,w,b,k,t,e,s,s,w,w,p,w,o,e,n,s,g
180,2562,x,y,e,t,n,f,c,b,w,t,b,s,s,p,w,p,w,o,p,n,v,d
181,4889,x,s,w,t,f,f,c,b,h,t,b,s,s,w,w,p,w,o,p,h,s,g
182,7078,x,s,n,f,f,f,c,n,b,t,?,s,s,p,w,p,w,o,e,w,v,p
183,3955,x,y,g,f,f,f,c,b,g,e,b,k,k,b,p,p,w,o,l,h,v,p
184,1086,b,y,w,t,l,f,c,b,n,e,c,s,s,w,w,p,w,o,p,n,n,m
185,7244,b,s,n,f,n,a,c,b,y,e,?,s,s,o,o,p,o,o,p,y,v,l
186,7806,f,y,e,f,y,f,c,n,b,t,?,s,s,w,w,p,w,o,e,w,v,l
187,983,x,f,n,f,n,f,w,b,k,t,e,s,s,w,w,p,w,o,e,n,s,g
188,6550,k,s,e,f,f,f,c,n,b,t,?,s,k,p,p,p,w,o,e,w,v,p
189,5710,f,s,w,t,f,f,c,b,p,t,b,f,f,w,w,p,w,o,p,h,v,u
190,3859,x,f,w,f,c,f,w,n,n,e,b,s,s,w,w,p,w,o,p,n,v,d
191,5763,f,s,w,t,f,f,c,b,h,t,b,s,s,w,w,p,w,o,p,h,v,u
192,6778,x,s,n,f,y,f,c,n,b,t,?,k,s,p,p,p,w,o,e,w,v,l
193,4881,x,y,g,f,f,f,c,b,h,e,b,k,k,b,b,p,w,o,l,h,v,d
194,5868,x,y,n,f,s,f,c,n,b,t,?,s,k,p,w,p,w,o,e,w,v,l
195,1246,f,s,g,f,n,f,w,b,h,t,e,s,s,w,w,p,w,o,e,n,a,g
196,5350,x,s,b,t,f,f,c,b,h,t,b,f,f,w,w,p,w,o,p,h,s,g
197,7316,k,y,n,f,f,f,c,n,b,t,?,k,k,w,w,p,w,o,e,w,v,d
198,6373,f,s,n,f,f,f,c,n,b,t,?,s,k,p,p,p,w,o,e,w,v,d
199,3652,x,y,g,f,f,f,c,b,p,e,b,k,k,n,n,p,w,o,l,h,y,d
200,2988,x,f,g,t,n,f,c,b,w,t,b,s,s,w,w,p,w,o,p,n,y,d
201,2932,x,y,n,t,n,f,c,b,p,t,b,s,s,g,g,p,w,o,p,k,y,d
202,4189,f,y,y,f,f,f,c,b,h,e,b,k,k,p,p,p,w,o,l,h,v,p
203,2133,f,f,n,t,n,f,c,b,n,t,b,s,s,g,w,p,w,o,p,n,y,d
204,202,x,s,w,t,a,f,c,b,g,e,c,s,s,w,w,p,w,o,p,k,n,g
205,2865,x,f,g,t,n,f,c,b,n,t,b,s,s,g,g,p,w,o,p,k,y,d
206,7852,k,y,n,f,s,f,c,n,b,t,?,s,k,w,w,p,w,o,e,w,v,l
207,7328,b,s,w,f,n,f,w,b,g,e,?,s,s,w,w,p,w,t,p,w,n,g
208,1529,x,s,w,f,n,f,w,b,n,t,e,f,f,w,w,p,w,o,e,k,a,g
209,7202,b,f,w,f,n,f,w,b,p,e,?,k,s,w,w,p,w,t,p,w,s,g
210,3666,f,y,g,t,n,f,c,b,p,t,b,s,s,p,p,p,w,o,p,n,y,d
211,7809,b,f,g,f,n,f,w,b,g,e,?,s,k,w,w,p,w,t,p,w,n,g
212,1708,f,f,g,f,n,f,w,b,k,t,e,s,s,w,w,p,w,o,e,k,s,g
213,1647,f,s,g,f,n,f,w,b,n,t,e,f,f,w,w,p,w,o,e,n,a,g
214,4003,f,f,e,t,n,f,c,b,w,t,b,s,s,g,p,p,w,o,p,k,y,d
215,1482,x,f,g,f,n,f,w,b,p,t,e,s,s,w,w,p,w,o,e,k,s,g
216,178,x,y,y,t,l,f,c,b,g,e,c,s,s,w,w,p,w,o,p,n,n,m
217,4364,b,y,w,t,n,f,w,n,w,e,b,s,s,w,w,p,w,o,p,w,c,l
218,6152,x,s,n,f,f,f,c,n,b,t,?,s,k,w,p,p,w,o,e,w,v,p
219,985,x,f,w,f,n,f,w,b,n,t,e,f,f,w,w,p,w,o,e,n,s,g
220,6154,x,s,e,f,s,f,c,n,b,t,?,k,k,w,p,p,w,o,e,w,v,p
221,6624,f,s,e,f,f,f,c,n,b,t,?,k,s,p,p,p,w,o,e,w,v,p
222,4459,k,y,b,t,n,f,c,b,e,e,?,s,s,e,e,p,w,t,e,w,c,w
223,5369,f,s,p,t,n,f,c,b,w,e,b,s,s,w,w,p,w,t,p,r,v,m
224,6046,x,s,n,f,f,f,c,n,b,t,?,s,s,p,p,p,w,o,e,w,v,d
225,1760,x,s,g,f,n,f,w,b,n,t,e,f,s,w,w,p,w,o,e,k,a,g
226,3673,f,f,g,t,n,f,c,b,w,t,b,s,s,w,w,p,w,o,p,n,y,d
227,3516,f,y,e,t,n,f,c,b,u,t,b,s,s,p,w,p,w,o,p,k,v,d
228,7752,k,f,g,f,n,f,w,b,p,e,?,s,s,w,w,p,w,t,p,w,s,g
229,58,x,s,y,t,l,f,c,b,k,e,c,s,s,w,w,p,w,o,p,k,n,g
230,221,x,s,w,t,p,f,c,n,k,e,e,s,s,w,w,p,w,o,p,k,s,g
231,7467,b,s,n,f,n,a,c,b,o,e,?,s,s,o,o,p,n,o,p,o,c,l
232,5767,x,y,w,f,n,f,c,n,u,e,?,s,f,w,w,p,w,o,f,h,v,d
233,2997,x,y,e,t,n,f,c,b,n,t,b,s,s,g,p,p,w,o,p,k,y,d
234,2060,f,s,g,f,n,f,w,b,n,t,e,f,s,w,w,p,w,o,e,n,s,g
235,2292,x,y,e,t,n,f,c,b,n,t,b,s,s,p,w,p,w,o,p,n,v,d
236,5957,f,y,y,f,f,f,c,b,h,e,b,k,k,n,b,p,w,o,l,h,y,d
237,7629,k,y,n,f,s,f,c,n,b,t,?,s,s,w,w,p,w,o,e,w,v,l
238,115,x,y,y,t,l,f,c,b,p,e,r,s,y,w,w,p,w,o,p,n,s,g
239,6697,f,y,n,f,f,f,c,n,b,t,?,k,k,w,w,p,w,o,e,w,v,d
240,65,f,s,n,f,n,f,w,b,k,t,e,s,s,w,w,p,w,o,e,k,a,g
241,6687,k,y,e,f,s,f,c,n,b,t,?,s,s,w,w,p,w,o,e,w,v,p
242,501,b,y,y,t,a,f,c,b,g,e,c,s,s,w,w,p,w,o,p,k,n,g
243,7658,f,s,n,f,n,a,c,b,y,e,?,s,s,o,o,p,o,o,p,o,v,l
244,2188,x,f,g,t,n,f,c,b,w,t,b,s,s,g,p,p,w,o,p,k,v,d
245,659,f,f,g,f,n,f,c,n,k,e,e,s,s,w,w,p,w,o,p,n,y,u
246,1276,x,f,n,f,n,f,w,b,p,t,e,s,f,w,w,p,w,o,e,n,a,g
247,536,b,y,w,t,a,f,c,b,k,e,c,s,s,w,w,p,w,o,p,k,s,m
248,3266,f,y,n,t,n,f,c,b,w,t,b,s,s,p,p,p,w,o,p,n,y,d
249,6817,f,y,n,f,s,f,c,n,b,t,?,k,k,p,w,p,w,o,e,w,v,p
250,5351,x,y,r,f,n,f,c,n,h,e,?,s,f,w,w,p,w,o,f,h,v,d
251,723,x,s,n,f,n,f,w,b,p,t,e,s,s,w,w,p,w,o,e,n,a,g
252,2626,x,y,n,t,n,f,c,b,p,t,b,s,s,w,w,p,w,o,p,n,v,d
253,5140,f,s,b,t,n,f,c,b,r,e,b,s,s,w,w,p,w,t,p,r,v,g
254,7981,k,y,c,f,m,a,c,b,y,e,c,k,y,c,c,p,w,n,n,w,c,d
255,3492,x,f,g,f,f,f,c,b,h,e,b,k,k,n,p,p,w,o,l,h,v,g
256,7404,x,s,g,f,n,f,w,b,g,e,?,s,s,w,w,p,w,t,p,w,s,g
257,4396,x,y,u,f,n,f,c,n,h,e,?,s,f,w,w,p,w,o,f,h,y,d
258,5037,f,f,g,f,f,f,c,b,h,e,b,k,k,n,n,p,w,o,l,h,v,g
259,51,x,s,w,t,l,f,c,b,k,e,c,s,s,w,w,p,w,o,p,k,s,g
260,38,x,f,y,t,a,f,w,n,p,t,b,s,s,w,w,p,w,o,p,n,v,d
261,5199,f,y,g,f,f,f,c,b,g,e,b,k,k,n,n,p,w,o,l,h,v,g
262,1539,f,s,w,f,n,f,w,b,p,t,e,s,s,w,w,p,w,o,e,k,s,g
263,4800,x,s,g,t,f,f,c,b,h,t,b,f,s,w,w,p,w,o,p,h,s,g
264,2408,x,y,e,t,n,f,c,b,w,t,b,s,s,g,w,p,w,o,p,k,y,d
265,6351,f,y,n,f,f,f,c,n,b,t,?,s,s,p,p,p,w,o,e,w,v,p
266,7454,f,y,n,f,f,f,c,n,b,t,?,s,k,w,p,p,w,o,e,w,v,l
267,7788,f,s,n,f,n,a,c,b,o,e,?,s,s,o,o,p,o,o,p,y,c,l
268,6409,x,y,e,f,f,f,c,n,b,t,?,s,k,p,p,p,w,o,e,w,v,d
269,1862,x,f,w,f,n,f,w,b,h,t,e,f,s,w,w,p,w,o,e,k,a,g
270,1204,f,s,w,t,p,f,c,n,n,e,e,s,s,w,w,p,w,o,p,n,s,g
271,201,b,s,w,t,l,f,c,b,w,e,c,s,s,w,w,p,w,o,p,k,s,g
272,1551,b,s,w,t,l,f,c,b,g,e,c,s,s,w,w,p,w,o,p,k,n,m
273,7240,k,s,e,f,y,f,c,n,b,t,?,k,k,p,p,p,w,o,e,w,v,p
274,1432,f,y,w,t,p,f,c,n,w,e,e,s,s,w,w,p,w,o,p,k,s,g
275,7117,f,s,n,f,y,f,c,n,b,t,?,k,s,p,w,p,w,o,e,w,v,d
276,3738,x,f,w,f,c,f,w,n,p,e,b,s,s,w,w,p,w,o,p,k,s,d
277,3684,x,f,g,f,f,f,c,b,h,e,b,k,k,n,n,p,w,o,l,h,v,p
278,6296,x,y,e,f,f,f,c,n,b,t,?,k,s,p,p,p,w,o,e,w,v,l
279,4392,f,y,y,f,f,f,c,b,h,e,b,k,k,n,b,p,w,o,l,h,y,g
280,4810,x,y,y,f,f,f,c,b,p,e,b,k,k,p,b,p,w,o,l,h,y,d
281,1848,f,f,g,t,n,f,c,b,p,t,b,s,s,p,w,p,w,o,p,k,v,d
282,4175,f,f,g,f,f,f,c,b,g,e,b,k,k,p,p,p,w,o,l,h,y,d
283,1703,f,y,n,t,p,f,c,n,w,e,e,s,s,w,w,p,w,o,p,k,s,g
284,4372,x,f,y,f,f,f,c,b,p,e,b,k,k,b,p,p,w,o,l,h,v,g
285,5033,x,y,g,f,f,f,c,b,g,e,b,k,k,n,b,p,w,o,l,h,v,g
286,277,x,y,w,t,a,f,c,b,w,e,c,s,s,w,w,p,w,o,p,n,n,m
287,3028,f,f,e,t,n,f,c,b,p,t,b,s,s,w,p,p,w,o,p,n,y,d
288,7507,k,y,e,f,y,f,c,n,b,t,?,s,s,w,w,p,w,o,e,w,v,p
289,2073,x,f,n,t,n,f,c,b,u,t,b,s,s,p,g,p,w,o,p,k,y,d
290,5000,f,f,y,f,f,f,c,b,g,e,b,k,k,n,n,p,w,o,l,h,v,d
291,4867,x,f,y,f,f,f,c,b,h,e,b,k,k,p,b,p,w,o,l,h,y,d
292,1476,f,s,n,f,n,f,w,b,p,t,e,f,f,w,w,p,w,o,e,k,a,g
293,4057,x,f,g,f,c,f,c,n,g,e,b,s,s,w,w,p,w,o,p,n,s,d
294,243,x,s,w,t,p,f,c,n,n,e,e,s,s,w,w,p,w,o,p,k,v,u
295,5423,b,y,b,t,n,f,c,b,g,e,b,s,s,w,w,p,w,t,p,r,v,m
296,6564,f,s,n,f,y,f,c,n,b,t,?,k,k,w,w,p,w,o,e,w,v,d
297,3197,f,f,e,t,n,f,c,b,w,t,b,s,s,g,p,p,w,o,p,k,v,d
298,537,s,f,n,f,n,f,c,n,p,e,e,s,s,w,w,p,w,o,p,k,v,u
299,4393,x,y,g,f,f,f,c,b,g,e,b,k,k,p,b,p,w,o,l,h,y,d
300,6851,f,y,e,f,s,f,c,n,b,t,?,k,s,p,w,p,w,o,e,w,v,l
301,4191,f,f,g,f,f,f,c,b,g,e,b,k,k,n,p,p,w,o,l,h,v,p
302,2057,x,f,n,t,n,f,c,b,p,t,b,s,s,w,g,p,w,o,p,n,y,d
303,830,s,f,g,f,n,f,c,n,p,e,e,s,s,w,w,p,w,o,p,k,v,u
304,6430,x,y,e,f,f,f,c,n,b,t,?,k,k,p,p,p,w,o,e,w,v,d
305,5782,f,s,p,t,n,f,c,b,r,e,b,s,s,w,w,p,w,t,p,r,v,m
306,4411,f,s,b,t,f,f,c,b,h,t,b,s,f,w,w,p,w,o,p,h,v,u
307,5310,x,y,n,f,f,f,c,n,b,t,?,s,k,p,p,p,w,o,e,w,v,p
308,54,x,s,w,t,p,f,c,n,k,e,e,s,s,w,w,p,w,o,p,k,v,u
309,4206,f,y,g,f,f,f,c,b,g,e,b,k,k,n,p,p,w,o,l,h,y,p
310,6696,f,s,n,f,y,f,c,n,b,t,?,s,s,w,w,p,w,o,e,w,v,d
311,1980,f,f,w,f,n,f,w,b,p,t,e,s,s,w,w,p,w,o,e,n,s,g
312,4461,x,y,n,f,s,f,c,n,b,t,?,s,k,p,w,p,w,o,e,w,v,d
313,6610,k,s,n,f,f,f,c,n,b,t,?,k,s,p,w,p,w,o,e,w,v,p
314,6861,f,y,n,f,y,f,c,n,b,t,?,k,s,p,p,p,w,o,e,w,v,l
315,30,b,s,y,t,l,f,c,b,g,e,c,s,s,w,w,p,w,o,p,n,n,m
316,1689,x,f,n,t,n,f,c,b,n,t,b,s,s,g,g,p,w,o,p,k,y,d
317,7951,k,y,e,f,f,f,c,n,b,t,?,k,s,w,p,p,w,o,e,w,v,p
318,1205,f,s,n,f,n,f,w,b,h,t,e,s,s,w,w,p,w,o,e,n,a,g
319,573,b,y,w,t,l,f,c,b,w,e,c,s,s,w,w,p,w,o,p,k,n,g
320,6311,f,y,e,f,f,f,c,n,b,t,?,s,s,p,w,p,w,o,e,w,v,p
321,6363,f,y,n,f,s,f,c,n,b,t,?,s,k,p,p,p,w,o,e,w,v,d
322,1176,b,y,y,t,l,f,c,b,g,e,c,s,s,w,w,p,w,o,p,k,s,m
323,4971,f,f,g,f,f,f,c,b,p,e,b,k,k,p,p,p,w,o,l,h,y,d
324,4435,f,y,g,f,f,f,c,b,h,e,b,k,k,b,b,p,w,o,l,h,v,g
325,2260,f,s,g,f,n,f,w,b,n,t,e,f,s,w,w,p,w,o,e,n,a,g
326,5926,f,f,g,f,f,f,c,b,g,e,b,k,k,b,n,p,w,o,l,h,v,p
327,98,b,s,w,t,a,f,c,b,g,e,c,s,s,w,w,p,w,o,p,n,s,g
328,2567,x,y,e,t,n,f,c,b,n,t,b,s,s,w,p,p,w,o,p,k,y,d
329,8094,b,s,g,f,n,f,w,b,g,e,?,k,s,w,w,p,w,t,p,w,n,g
330,3808,f,f,g,f,f,f,c,b,g,e,b,k,k,b,p,p,w,o,l,h,y,g
331,5359,f,y,y,f,f,f,c,b,h,e,b,k,k,b,b,p,w,o,l,h,y,p
332,6214,b,f,g,f,n,f,w,b,p,e,?,k,s,w,w,p,w,t,p,w,n,g
333,4877,x,y,y,f,f,f,c,b,h,e,b,k,k,p,b,p,w,o,l,h,v,p
334,8012,k,s,n,f,s,f,c,n,b,t,?,s,s,w,w,p,w,o,e,w,v,l
335,1011,x,s,w,f,n,f,w,b,k,t,e,s,s,w,w,p,w,o,e,k,s,g
336,1316,f,s,g,f,n,f,w,b,k,t,e,s,s,w,w,p,w,o,e,n,s,g
337,7607,k,s,n,f,y,f,c,n,b,t,?,s,s,w,p,p,w,o,e,w,v,l
338,273,x,y,y,t,a,f,c,b,k,e,c,s,s,w,w,p,w,o,p,n,n,m
339,3265,x,f,g,f,f,f,c,b,h,e,b,k,k,b,n,p,w,o,l,h,y,p
340,7113,k,s,n,f,f,f,c,n,b,t,?,s,k,w,p,p,w,o,e,w,v,p
341,6239,f,s,n,f,y,f,c,n,b,t,?,s,k,w,p,p,w,o,e,w,v,d
342,61,b,y,y,t,a,f,c,b,k,e,c,s,s,w,w,p,w,o,p,n,s,m
343,3881,x,f,g,f,c,f,c,n,n,e,b,s,s,w,w,p,w,o,p,k,s,d
344,1923,x,f,g,f,n,f,w,b,h,t,e,f,f,w,w,p,w,o,e,n,s,g
345,4756,x,f,y,f,f,f,c,b,g,e,b,k,k,p,n,p,w,o,l,h,v,d
346,6193,x,s,e,f,f,f,c,n,b,t,?,k,k,p,p,p,w,o,e,w,v,p
347,817,x,y,y,t,a,f,c,b,n,e,r,s,y,w,w,p,w,o,p,k,y,g
348,2126,x,f,g,t,n,f,c,b,p,t,b,s,s,g,g,p,w,o,p,n,y,d
349,2384,x,f,n,t,n,f,c,b,w,t,b,s,s,p,p,p,w,o,p,n,v,d
350,5164,f,s,b,t,f,f,c,b,w,t,b,f,f,w,w,p,w,o,p,h,s,g
351,3914,x,f,g,t,n,f,c,b,w,t,b,s,s,w,w,p,w,o,p,k,y,d
352,7530,x,s,n,f,s,f,c,n,b,t,?,k,k,w,p,p,w,o,e,w,v,d
353,3696,f,y,n,t,n,f,c,b,p,t,b,s,s,p,g,p,w,o,p,n,v,d
354,6034,x,s,n,f,s,f,c,n,b,t,?,k,k,w,w,p,w,o,e,w,v,d
355,4455,x,y,y,f,f,f,c,b,p,e,b,k,k,p,p,p,w,o,l,h,y,g
356,1755,f,f,n,f,n,f,w,b,h,t,e,f,s,w,w,p,w,o,e,k,s,g
357,5458,f,s,w,t,f,f,c,b,h,t,b,f,s,w,w,p,w,o,p,h,s,u
358,42,x,f,n,f,n,f,c,n,g,e,e,s,s,w,w,p,w,o,p,k,y,u
359,2132,x,y,n,t,n,f,c,b,u,t,b,s,s,g,w,p,w,o,p,n,v,d
360,7740,k,s,w,f,n,f,w,b,p,e,?,k,s,w,w,p,w,t,p,w,n,g
361,3093,x,f,g,f,f,f,c,b,p,e,b,k,k,n,b,p,w,o,l,h,v,g
362,2186,f,f,g,t,n,f,c,b,p,t,b,s,s,w,p,p,w,o,p,k,y,d
363,398,x,f,g,f,n,f,c,n,n,e,e,s,s,w,w,p,w,o,p,k,v,u
364,4449,x,y,g,f,f,f,c,b,p,e,b,k,k,b,p,p,w,o,l,h,y,d
365,3563,f,y,g,t,n,f,c,b,w,t,b,s,s,g,p,p,w,o,p,n,v,d
366,5631,f,y,y,f,f,f,c,b,g,e,b,k,k,p,n,p,w,o,l,h,v,d
367,2769,x,f,g,t,n,f,c,b,u,t,b,s,s,w,g,p,w,o,p,n,y,d
368,6760,x,s,n,f,y,f,c,n,b,t,?,s,k,p,p,p,w,o,e,w,v,d
369,7603,k,s,e,f,f,f,c,n,b,t,?,s,s,p,p,p,w,o,e,w,v,p
370,7745,f,s,n,f,n,a,c,b,o,e,?,s,s,o,o,p,n,o,p,b,c,l
371,7749,k,f,w,f,n,f,w,b,p,e,?,k,s,w,w,p,w,t,p,w,n,g
372,6461,f,y,e,f,f,f,c,n,b,t,?,s,s,w,w,p,w,o,e,w,v,l
373,3435,x,f,g,f,c,f,w,n,g,e,b,s,s,w,w,p,w,o,p,n,v,d
374,3084,f,y,n,t,n,f,c,b,u,t,b,s,s,g,p,p,w,o,p,k,v,d
375,365,f,f,n,f,n,f,c,n,p,e,e,s,s,w,w,p,w,o,p,k,v,u
376,5489,x,y,n,f,s,f,c,n,b,t,?,k,k,p,p,p,w,o,e,w,v,d
377,962,x,f,n,t,n,f,c,b,n,t,b,s,s,g,p,p,w,o,p,k,v,d
378,865,x,y,y,t,l,f,c,b,k,e,c,s,s,w,w,p,w,o,p,k,s,g
379,3111,f,f,g,t,n,f,c,b,w,t,b,s,s,w,p,p,w,o,p,k,y,d
380,2755,f,f,n,t,n,f,c,b,p,t,b,s,s,w,g,p,w,o,p,n,v,d
381,2668,x,f,e,t,n,f,c,b,w,t,b,s,s,g,g,p,w,o,p,n,y,d
382,3918,f,y,g,f,f,f,c,b,g,e,b,k,k,b,b,p,w,o,l,h,v,g
383,4463,x,y,g,f,f,f,c,b,g,e,b,k,k,n,n,p,w,o,l,h,y,p
384,1503,x,f,g,f,n,f,w,b,h,t,e,s,s,w,w,p,w,o,e,k,a,g
385,2803,f,f,g,t,n,f,c,b,n,t,b,s,s,w,p,p,w,o,p,n,v,d
386,2732,x,y,g,t,n,f,c,b,w,t,b,s,s,g,p,p,w,o,p,n,y,d
387,972,f,f,n,t,n,f,c,b,n,t,b,s,s,p,w,p,w,o,p,k,v,d
388,1806,f,s,g,f,n,f,w,b,h,t,e,f,s,w,w,p,w,o,e,n,s,g
389,7041,f,s,n,f,n,a,c,b,o,e,?,s,s,o,o,p,o,o,p,n,v,l
390,2833,f,f,n,t,n,f,c,b,n,t,b,s,s,p,p,p,w,o,p,k,y,d
391,2735,x,f,e,t,n,f,c,b,u,t,b,s,s,g,g,p,w,o,p,n,v,d
392,1705,x,f,n,f,n,f,w,b,p,t,e,f,f,w,w,p,w,o,e,k,s,g
393,197,x,s,w,t,l,f,c,b,g,e,c,s,s,w,w,p,w,o,p,n,n,m
394,6121,x,s,e,f,y,f,c,n,b,t,?,s,k,w,p,p,w,o,e,w,v,p
395,387,x,s,n,f,n,f,w,b,n,t,e,s,s,w,w,p,w,o,e,k,a,g
396,3571,f,f,e,t,n,f,c,b,p,t,b,s,s,p,g,p,w,o,p,k,v,d
397,4776,f,f,g,f,f,f,c,b,p,e,b,k,k,b,p,p,w,o,l,h,v,p
398,186,b,s,w,t,l,f,c,b,g,e,c,s,s,w,w,p,w,o,p,n,s,m
399,2485,x,y,n,t,n,f,c,b,p,t,b,s,s,w,w,p,w,o,p,n,y,d
400,3593,f,y,g,t,n,f,c,b,w,t,b,s,s,p,g,p,w,o,p,k,y,d
401,6137,f,s,n,f,y,f,c,n,b,t,?,s,k,w,w,p,w,o,e,w,v,d
402,2383,f,f,n,t,n,f,c,b,u,t,b,s,s,w,g,p,w,o,p,k,y,d
403,7785,k,s,n,f,s,f,c,n,b,t,?,s,s,w,p,p,w,o,e,w,v,l
404,488,x,y,n,t,l,f,c,b,n,e,r,s,y,w,w,p,w,o,p,k,s,p
405,7268,x,y,e,f,s,f,c,n,b,t,?,k,s,p,p,p,w,o,e,w,v,d
406,5930,x,y,n,t,n,f,c,b,w,e,?,s,s,w,w,p,w,t,e,w,c,w
407,7905,f,s,n,f,n,a,c,b,n,e,?,s,s,o,o,p,o,o,p,n,v,l
408,4734,f,f,e,t,n,f,c,b,w,t,b,s,s,w,w,p,w,o,p,k,y,d
409,4158,f,f,g,f,f,f,c,b,h,e,b,k,k,b,p,p,w,o,l,h,y,p
410,1653,x,s,g,f,n,f,w,b,h,t,e,f,s,w,w,p,w,o,e,n,s,g
411,5962,f,y,n,f,n,f,w,n,w,e,b,f,f,w,n,p,w,o,e,w,v,l
412,8095,x,y,c,f,m,f,c,b,y,e,c,k,y,c,c,p,w,n,n,w,c,d
413,1019,x,f,n,t,n,f,c,b,n,t,b,s,s,w,p,p,w,o,p,k,v,d
414,3873,x,f,g,f,f,f,c,b,h,e,b,k,k,n,p,p,w,o,l,h,v,d
415,5184,x,s,w,t,f,f,c,b,p,t,b,s,s,w,w,p,w,o,p,h,s,g
416,3453,x,f,g,f,f,f,c,b,g,e,b,k,k,p,b,p,w,o,l,h,v,p
417,3587,f,y,e,t,n,f,c,b,p,t,b,s,s,p,p,p,w,o,p,k,y,d
418,7398,b,s,g,f,n,f,w,b,p,e,?,k,k,w,w,p,w,t,p,w,s,g
419,1332,f,s,n,t,p,f,c,n,k,e,e,s,s,w,w,p,w,o,p,k,v,g
420,4453,f,f,y,f,f,f,c,b,g,e,b,k,k,b,p,p,w,o,l,h,v,g
421,3082,x,f,g,f,f,f,c,b,g,e,b,k,k,p,p,p,w,o,l,h,v,p
422,5596,f,s,b,t,n,f,c,b,e,e,?,s,s,e,w,p,w,t,e,w,c,w
423,3742,x,s,g,f,c,f,w,n,n,e,b,s,s,w,w,p,w,o,p,n,v,d
424,2963,f,f,n,t,n,f,c,b,u,t,b,s,s,p,g,p,w,o,p,n,y,d
425,2693,x,y,n,t,n,f,c,b,p,t,b,s,s,p,w,p,w,o,p,k,v,d
426,4441,x,y,g,f,f,f,c,b,p,e,b,k,k,n,n,p,w,o,l,h,v,g
427,5792,x,y,y,f,f,f,c,b,h,e,b,k,k,p,b,p,w,o,l,h,y,p
428,7098,x,f,g,f,n,f,w,b,g,e,?,k,k,w,w,p,w,t,p,w,n,g
429,4944,f,y,y,f,f,f,c,b,h,e,b,k,k,n,n,p,w,o,l,h,v,g
430,7970,x,s,n,f,n,a,c,b,o,e,?,s,s,o,o,p,n,o,p,y,c,l
431,1782,x,s,w,f,n,f,w,b,k,t,e,f,s,w,w,p,w,o,e,k,a,g
432,5463,k,s,e,t,n,f,c,b,e,e,?,s,s,e,w,p,w,t,e,w,c,w
433,7243,k,s,n,f,s,f,c,n,b,t,?,s,k,w,p,p,w,o,e,w,v,l
434,6090,f,s,e,f,f,f,c,n,b,t,?,s,k,p,p,p,w,o,e,w,v,l
435,174,f,y,y,t,l,f,c,b,p,e,r,s,y,w,w,p,w,o,p,n,s,g
436,825,x,y,y,t,l,f,c,b,w,e,c,s,s,w,w,p,w,o,p,k,s,m
437,2117,x,y,g,t,n,f,c,b,n,t,b,s,s,g,p,p,w,o,p,k,v,d
438,598,x,y,w,t,p,f,c,n,p,e,e,s,s,w,w,p,w,o,p,n,s,g
439,6786,x,s,n,f,f,f,c,n,b,t,?,s,s,p,w,p,w,o,e,w,v,d
440,1211,f,s,n,f,n,f,w,b,p,t,e,s,s,w,w,p,w,o,e,k,a,g
441,5440,x,y,n,f,y,f,c,n,b,t,?,k,k,p,w,p,w,o,e,w,v,d
442,668,f,y,y,t,l,f,c,b,n,e,r,s,y,w,w,p,w,o,p,n,y,p
443,7039,k,f,w,f,n,f,w,b,p,e,?,s,s,w,w,p,w,t,p,w,n,g
444,2782,x,f,g,t,n,f,c,b,u,t,b,s,s,g,w,p,w,o,p,k,y,d
445,279,x,s,y,t,l,f,c,b,k,e,c,s,s,w,w,p,w,o,p,n,n,m
446,2187,x,f,e,t,n,f,c,b,n,t,b,s,s,p,w,p,w,o,p,k,y,d
447,3942,x,y,g,t,n,f,c,b,p,t,b,s,s,w,p,p,w,o,p,k,y,d
448,5765,f,s,w,t,f,f,c,b,h,t,b,f,s,w,w,p,w,o,p,h,s,g
449,7197,k,s,n,f,s,f,c,n,b,t,?,k,k,p,w,p,w,o,e,w,v,p
450,2128,x,f,g,f,f,f,c,b,p,e,b,k,k,b,b,p,w,o,l,h,y,g
451,3371,x,s,p,f,c,f,w,n,g,e,b,s,s,w,w,p,w,o,p,n,v,d
452,7989,f,s,n,f,y,f,c,n,b,t,?,k,k,w,w,p,w,o,e,w,v,p
453,1350,x,y,g,t,n,f,c,b,p,t,b,s,s,w,g,p,w,o,p,n,v,d
454,4908,x,y,g,f,f,f,c,b,g,e,b,k,k,n,b,p,w,o,l,h,y,g
455,8098,k,s,e,f,y,f,c,n,b,t,?,k,k,w,p,p,w,o,e,w,v,d
456,4242,x,f,y,f,f,f,c,b,p,e,b,k,k,n,b,p,w,o,l,h,y,d
457,7663,k,y,n,f,s,f,c,n,b,t,?,k,k,p,p,p,w,o,e,w,v,d
458,8070,k,y,e,f,s,f,c,n,b,t,?,k,k,w,w,p,w,o,e,w,v,l
459,3691,f,y,g,t,n,f,c,b,w,t,b,s,s,w,p,p,w,o,p,n,v,d
460,4075,x,f,y,f,f,f,c,b,h,e,b,k,k,p,n,p,w,o,l,h,y,g
461,3641,f,y,g,t,n,f,c,b,p,t,b,s,s,g,g,p,w,o,p,k,y,d
462,2432,x,f,g,t,n,f,c,b,w,t,b,s,s,w,g,p,w,o,p,n,y,d
463,5007,f,y,y,f,f,f,c,b,g,e,b,k,k,b,p,p,w,o,l,h,y,g
464,527,x,s,y,t,a,f,c,b,k,e,c,s,s,w,w,p,w,o,p,n,s,m
465,4211,x,f,y,f,f,f,c,b,p,e,b,k,k,b,b,p,w,o,l,h,y,g
466,968,x,s,n,f,n,f,w,b,k,t,e,f,f,w,w,p,w,o,e,k,s,g
467,7021,f,s,e,f,s,f,c,n,b,t,?,k,k,p,w,p,w,o,e,w,v,d
468,4250,x,f,y,f,f,f,c,b,g,e,b,k,k,n,b,p,w,o,l,h,y,g
469,910,b,s,w,t,l,f,c,b,k,e,c,s,s,w,w,p,w,o,p,k,n,g
470,813,x,y,w,t,p,f,c,n,w,e,e,s,s,w,w,p,w,o,p,n,v,g
471,244,f,f,w,t,a,f,w,n,p,t,b,s,s,w,w,p,w,o,p,u,v,d
472,6437,f,s,n,f,f,f,c,n,b,t,?,s,s,w,p,p,w,o,e,w,v,d
473,7993,k,f,g,f,n,f,w,b,g,e,?,k,s,w,w,p,w,t,p,w,s,g
474,5527,f,y,g,f,f,f,c,b,h,e,b,k,k,b,b,p,w,o,l,h,v,p
475,3068,x,s,w,f,c,f,c,n,p,e,b,s,s,w,w,p,w,o,p,n,s,d
476,4421,x,f,y,f,f,f,c,b,p,e,b,k,k,p,b,p,w,o,l,h,y,d
477,3228,f,f,g,t,n,f,c,b,u,t,b,s,s,p,g,p,w,o,p,k,v,d
478,2209,x,y,g,t,n,f,c,b,w,t,b,s,s,p,p,p,w,o,p,n,v,d
479,6334,x,s,e,f,s,f,c,n,b,t,?,k,s,p,w,p,w,o,e,w,v,l
480,5612,f,s,n,t,n,f,c,b,w,e,?,s,s,w,e,p,w,t,e,w,c,w
481,3305,f,y,e,t,n,f,c,b,n,t,b,s,s,g,p,p,w,o,p,n,v,d
482,2658,x,y,e,t,n,f,c,b,w,t,b,s,s,p,w,p,w,o,p,k,v,d
483,5798,x,s,g,t,f,f,c,b,h,t,b,s,f,w,w,p,w,o,p,h,s,u
484,1898,f,s,n,f,n,f,w,b,n,t,e,f,f,w,w,p,w,o,e,k,a,g
485,459,f,y,n,t,a,f,c,b,w,e,r,s,y,w,w,p,w,o,p,n,y,p
486,1241,x,s,g,f,n,f,w,b,k,t,e,f,f,w,w,p,w,o,e,n,a,g
487,2524,x,y,g,t,n,f,c,b,n,t,b,s,s,w,p,p,w,o,p,n,y,d
488,5981,f,s,w,t,f,f,c,b,w,t,b,s,s,w,w,p,w,o,p,h,s,u
489,5543,f,y,y,f,f,f,c,b,g,e,b,k,k,n,n,p,w,o,l,h,y,g
490,5720,k,s,e,t,n,f,c,b,w,e,?,s,s,w,w,p,w,t,e,w,c,w
491,3333,f,y,n,t,n,f,c,b,n,t,b,s,s,p,p,p,w,o,p,k,y,d
492,4187,f,f,g,t,n,f,c,b,u,t,b,s,s,p,g,p,w,o,p,n,v,d
493,2551,f,f,n,t,n,f,c,b,p,t,b,s,s,w,g,p,w,o,p,k,y,d
494,7829,f,s,n,f,n,a,c,b,o,e,?,s,s,o,o,p,n,o,p,n,v,l
495,7462,k,y,n,f,f,f,c,n,b,t,?,s,s,w,w,p,w,o,e,w,v,p
496,2585,x,y,g,t,n,f,c,b,p,t,b,s,s,p,p,p,w,o,p,n,v,d
497,702,x,y,y,t,l,f,c,b,n,e,r,s,y,w,w,p,w,o,p,k,s,p
498,5250,x,s,w,t,f,f,c,b,p,t,b,s,f,w,w,p,w,o,p,h,v,g
499,5181,x,s,g,t,f,f,c,b,w,t,b,f,s,w,w,p,w,o,p,h,v,g
500,5030,f,f,y,f,f,f,c,b,h,e,b,k,k,p,n,p,w,o,l,h,y,p
501,1733,x,f,w,f,n,f,w,b,p,t,e,f,s,w,w,p,w,o,e,n,s,g
502,2883,x,y,e,t,n,f,c,b,n,t,b,s,s,w,w,p,w,o,p,n,y,d
503,3050,f,f,e,t,n,f,c,b,p,t,b,s,s,p,p,p,w,o,p,k,y,d
504,4036,x,f,y,f,f,f,c,b,p,e,b,k,k,p,b,p,w,o,l,h,v,p
505,2481,x,f,e,t,n,f,c,b,n,t,b,s,s,w,g,p,w,o,p,k,y,d
506,7414,x,s,n,f,f,f,c,n,b,t,?,s,k,w,p,p,w,o,e,w,v,d
507,958,f,f,w,t,l,f,w,n,n,t,b,s,s,w,w,p,w,o,p,u,v,d
508,4277,f,f,g,f,f,f,c,b,p,e,b,k,k,n,n,p,w,o,l,h,y,p
509,4316,x,f,y,f,f,f,c,b,h,e,b,k,k,p,b,p,w,o,l,h,v,d
510,1528,x,y,y,t,a,f,c,b,g,e,c,s,s,w,w,p,w,o,p,k,n,m
511,73,x,y,n,t,a,f,c,b,p,e,r,s,y,w,w,p,w,o,p,k,s,p
512,2111,x,y,e,t,n,f,c,b,u,t,b,s,s,g,p,p,w,o,p,n,v,d
513,6166,x,s,e,f,f,f,c,n,b,t,?,k,k,w,w,p,w,o,e,w,v,d
514,6420,f,y,e,f,f,f,c,n,b,t,?,k,k,w,w,p,w,o,e,w,v,p
515,5116,x,y,e,f,y,f,c,n,b,t,?,k,s,p,p,p,w,o,e,w,v,p
516,7694,k,s,e,f,f,f,c,n,b,t,?,s,s,w,p,p,w,o,e,w,v,d
517,4916,x,y,y,f,f,f,c,b,h,e,b,k,k,n,n,p,w,o,l,h,y,d
518,5689,f,y,g,f,f,f,c,b,h,e,b,k,k,p,n,p,w,o,l,h,v,p
519,4987,x,y,y,f,f,f,c,b,p,e,b,k,k,p,n,p,w,o,l,h,v,g
520,8013,b,s,n,f,n,a,c,b,n,e,?,s,s,o,o,p,o,o,p,b,v,l
521,1202,b,s,w,t,a,f,c,b,w,e,c,s,s,w,w,p,w,o,p,k,n,g
522,2137,x,f,e,t,n,f,c,b,u,t,b,s,s,w,p,p,w,o,p,k,v,d
523,2858,f,f,g,t,n,f,c,b,p,t,b,s,s,g,w,p,w,o,p,k,y,d
524,1396,x,s,w,f,n,f,w,b,k,t,e,s,f,w,w,p,w,o,e,n,s,g
525,6086,f,s,n,f,y,f,c,n,b,t,?,k,s,w,p,p,w,o,e,w,v,d
526,4507,f,y,g,f,f,f,c,b,h,e,b,k,k,b,n,p,w,o,l,h,y,g
527,346,x,f,y,t,l,f,w,n,n,t,b,s,s,w,w,p,w,o,p,n,v,d
528,5301,f,f,g,f,f,f,c,b,p,e,b,k,k,n,p,p,w,o,l,h,v,p
529,2813,x,y,g,t,n,f,c,b,p,t,b,s,s,g,w,p,w,o,p,n,y,d
530,4603,f,f,g,f,f,f,c,b,h,e,b,k,k,p,n,p,w,o,l,h,y,g
531,4514,f,f,y,f,f,f,c,b,h,e,b,k,k,n,n,p,w,o,l,h,v,p
532,6539,f,s,e,f,y,f,c,n,b,t,?,s,k,p,p,p,w,o,e,w,v,p
533,1438,f,f,w,f,n,f,w,b,p,t,e,s,f,w,w,p,w,o,e,k,a,g
534,1783,f,s,w,t,p,f,c,n,w,e,e,s,s,w,w,p,w,o,p,k,s,g
535,1745,f,s,w,t,p,f,c,n,w,e,e,s,s,w,w,p,w,o,p,n,s,g
536,1882,x,f,e,t,n,f,c,b,u,t,b,s,s,g,p,p,w,o,p,n,v,d
537,6018,x,y,e,f,s,f,c,n,b,t,?,k,s,w,p,p,w,o,e,w,v,d
538,7918,x,f,w,f,n,f,w,b,p,e,?,s,k,w,w,p,w,t,p,w,n,g
539,7110,b,f,w,f,n,f,w,b,w,e,?,s,s,w,w,p,w,t,p,w,n,g
540,7044,f,y,n,f,s,f,c,n,b,t,?,k,s,w,w,p,w,o,e,w,v,d
541,5476,x,y,g,f,f,f,c,b,h,e,b,k,k,n,b,p,w,o,l,h,v,g
542,7762,x,s,n,f,n,a,c,b,o,e,?,s,s,o,o,p,o,o,p,y,v,l
543,435,b,s,w,t,a,f,c,b,w,e,c,s,s,w,w,p,w,o,p,k,n,m
544,6331,x,f,g,f,n,f,w,b,w,e,?,s,k,w,w,p,w,t,p,w,s,g
545,7835,k,y,e,f,y,f,c,n,b,t,?,s,k,w,w,p,w,o,e,w,v,d
546,6668,k,y,c,f,m,a,c,b,w,e,c,k,y,c,c,p,w,n,n,w,c,d
547,2482,x,s,p,f,c,f,w,n,u,e,b,s,s,w,w,p,w,o,p,n,s,d
548,7653,k,y,e,f,s,f,c,n,b,t,?,s,s,p,w,p,w,o,e,w,v,d
549,4884,x,y,n,f,f,f,c,n,b,t,?,k,s,p,w,p,w,o,e,w,v,d
550,6219,k,s,w,f,n,f,w,b,g,e,?,s,k,w,w,p,w,t,p,w,s,g
551,2540,x,f,p,f,c,f,w,n,n,e,b,s,s,w,w,p,w,o,p,n,s,d
552,5597,f,s,b,t,f,f,c,b,p,t,b,s,s,w,w,p,w,o,p,h,v,u
553,7115,x,s,e,f,s,f,c,n,b,t,?,k,k,w,w,p,w,o,e,w,v,l
554,7787,f,y,n,f,f,f,c,n,b,t,?,s,k,p,w,p,w,o,e,w,v,d
555,239,f,y,y,t,a,f,c,b,p,e,r,s,y,w,w,p,w,o,p,k,s,p
556,1288,x,f,n,t,n,f,c,b,p,t,b,s,s,w,g,p,w,o,p,k,y,d
557,6410,f,s,n,f,s,f,c,n,b,t,?,k,s,w,w,p,w,o,e,w,v,p
558,5507,x,y,n,f,y,f,c,n,b,t,?,s,k,p,p,p,w,o,e,w,v,l
559,5429,x,s,g,t,f,f,c,b,w,t,b,f,s,w,w,p,w,o,p,h,s,u
560,8110,x,s,n,f,n,a,c,b,o,e,?,s,s,o,o,p,o,o,p,n,v,l
561,2059,x,s,w,t,a,f,c,b,n,e,c,s,s,w,w,p,w,o,p,k,n,m
562,4101,x,f,y,f,f,f,c,b,p,e,b,k,k,b,p,p,w,o,l,h,v,p
563,1575,f,s,w,f,n,f,w,b,k,t,e,s,f,w,w,p,w,o,e,k,a,g
564,7587,k,y,e,f,s,f,c,n,b,t,?,s,k,p,p,p,w,o,e,w,v,p
565,2456,x,y,e,t,n,f,c,b,n,t,b,s,s,g,w,p,w,o,p,n,y,d
566,6936,k,y,n,f,f,f,c,n,b,t,?,s,s,p,w,p,w,o,e,w,v,d
567,1905,f,f,n,f,n,f,w,b,k,t,e,s,s,w,w,p,w,o,e,n,a,g
568,5871,x,y,n,f,f,f,c,n,b,t,?,s,k,w,p,p,w,o,e,w,v,l
569,4890,f,y,g,f,f,f,c,b,h,e,b,k,k,n,p,p,w,o,l,h,y,g
570,5518,x,f,y,f,f,f,c,b,g,e,b,k,k,p,n,p,w,o,l,h,y,d
571,154,x,s,w,t,a,f,w,n,w,t,b,s,s,w,w,p,w,o,p,u,v,d
572,7251,f,s,n,f,n,a,c,b,n,e,?,s,s,o,o,p,o,o,p,n,c,l
573,2714,x,y,e,t,n,f,c,b,p,t,b,s,s,w,g,p,w,o,p,n,v,d
574,4255,x,y,g,f,f,f,c,b,h,e,b,k,k,p,n,p,w,o,l,h,y,p
575,1157,f,f,g,f,n,f,w,b,h,t,e,s,f,w,w,p,w,o,e,k,a,g
576,3085,x,f,g,f,f,f,c,b,p,e,b,k,k,n,p,p,w,o,l,h,v,g
577,3716,f,y,n,t,n,f,c,b,w,t,b,s,s,g,g,p,w,o,p,n,y,d
578,470,x,y,y,t,l,f,c,b,g,e,c,s,s,w,w,p,w,o,p,k,n,g
579,6134,x,y,e,f,s,f,c,n,b,t,?,k,s,p,p,p,w,o,e,w,v,l
580,6599,x,s,g,f,n,f,w,b,p,e,?,s,k,w,w,p,w,t,p,w,n,g
581,3504,x,f,e,t,n,f,c,b,n,t,b,s,s,g,p,p,w,o,p,k,v,d
582,3345,f,y,g,t,n,f,c,b,u,t,b,s,s,w,g,p,w,o,p,k,v,d
583,3104,x,s,g,f,c,f,w,n,g,e,b,s,s,w,w,p,w,o,p,k,s,d
584,4552,f,y,g,f,f,f,c,b,g,e,b,k,k,p,p,p,w,o,l,h,v,g
585,168,x,y,n,t,l,f,c,b,w,e,r,s,y,w,w,p,w,o,p,k,y,g
586,5487,x,y,e,t,n,f,c,b,w,e,?,s,s,w,e,p,w,t,e,w,c,w
587,4127,f,y,n,t,n,f,c,b,p,t,b,s,s,p,p,p,w,o,p,k,y,d
588,4886,x,y,y,f,f,f,c,b,g,e,b,k,k,n,n,p,w,o,l,h,v,g
589,2289,x,y,n,t,n,f,c,b,u,t,b,s,s,w,g,p,w,o,p,k,y,d
590,1136,x,f,n,t,n,f,c,b,n,t,b,s,s,w,p,p,w,o,p,n,y,d
591,3286,x,y,n,t,n,f,c,b,u,t,b,s,s,w,w,p,w,o,p,n,v,d
592,7131,k,s,e,f,y,f,c,n,b,t,?,s,k,w,w,p,w,o,e,w,v,d
593,490,f,f,y,t,a,f,w,n,n,t,b,s,s,w,w,p,w,o,p,u,v,d
594,2352,x,y,g,t,n,f,c,b,n,t,b,s,s,w,g,p,w,o,p,k,v,d
595,1162,x,f,e,t,n,f,c,b,p,t,b,s,s,w,w,p,w,o,p,n,v,d
596,1663,x,s,y,t,l,f,c,b,n,e,c,s,s,w,w,p,w,o,p,k,n,g
597,5413,x,s,n,t,n,f,c,b,e,e,?,s,s,w,w,p,w,t,e,w,c,w
598,3302,f,y,g,t,n,f,c,b,u,t,b,s,s,p,g,p,w,o,p,n,y,d
599,7313,k,y,n,f,s,f,c,n,b,t,?,s,k,w,w,p,w,o,e,w,v,p
600,3665,f,f,e,t,n,f,c,b,p,t,b,s,s,p,p,p,w,o,p,n,v,d
601,1808,x,y,g,t,n,f,c,b,p,t,b,s,s,g,p,p,w,o,p,k,y,d
602,6392,x,y,e,f,f,f,c,n,b,t,?,k,k,w,p,p,w,o,e,w,v,d
603,2736,x,y,e,t,n,f,c,b,n,t,b,s,s,g,g,p,w,o,p,k,y,d
604,3122,x,f,g,f,f,f,c,b,p,e,b,k,k,n,b,p,w,o,l,h,y,d
605,1257,f,f,n,f,n,f,w,b,h,t,e,s,f,w,w,p,w,o,e,k,s,g
606,7109,k,y,e,f,f,f,c,n,b,t,?,k,s,w,p,p,w,o,e,w,v,d
607,1841,f,f,w,f,n,f,w,b,p,t,e,s,s,w,w,p,w,o,e,n,a,g
608,8107,x,s,n,f,n,a,c,b,y,e,?,s,s,o,o,p,o,o,p,n,c,l
609,5200,f,f,g,f,f,f,c,b,g,e,b,k,k,n,p,p,w,o,l,h,y,d
610,4044,f,f,g,f,f,f,c,b,g,e,b,k,k,b,b,p,w,o,l,h,v,d
611,5251,x,s,b,t,f,f,c,b,w,t,b,s,s,w,w,p,w,o,p,h,v,g
612,2104,f,f,n,t,n,f,c,b,w,t,b,s,s,g,p,p,w,o,p,n,y,d
613,5996,k,y,b,t,n,f,c,b,e,e,?,s,s,w,w,p,w,t,e,w,c,w
614,4094,f,y,g,f,f,f,c,b,p,e,b,k,k,n,p,p,w,o,l,h,v,g
615,2606,x,f,e,t,n,f,c,b,p,t,b,s,s,p,w,p,w,o,p,n,v,d
616,7502,k,s,e,f,f,f,c,n,b,t,?,k,k,w,p,p,w,o,e,w,v,d
617,5497,f,y,r,f,n,f,c,n,w,e,?,s,f,w,w,p,w,o,f,h,v,d
618,7687,k,y,n,f,s,f,c,n,b,t,?,s,k,w,p,p,w,o,e,w,v,p
619,4123,f,f,y,f,f,f,c,b,h,e,b,k,k,n,p,p,w,o,l,h,v,g
620,6993,f,s,e,f,y,f,c,n,b,t,?,k,k,p,p,p,w,o,e,w,v,d
621,246,x,s,w,t,l,f,w,n,p,t,b,s,s,w,w,p,w,o,p,u,v,d
622,7935,k,y,e,f,y,f,c,n,b,t,?,k,s,w,w,p,w,o,e,w,v,d
623,3018,f,y,e,t,n,f,c,b,p,t,b,s,s,g,w,p,w,o,p,n,v,d
